city_id,city_name
"AP01","Visakhapatnam"
"CH01","Chandigarh"
"GJ01","Surat"
"GJ02","Vadodara"
"KA01","Mysore"
"KL01","Kochi"
"MP01","Indore"
"RJ01","Jaipur"
"TN01","Coimbatore"
"UP01","Lucknow"
